id,conversation_id,customer_message,intent,state_info_provided,state_troubleshoot_attempted,state_issue_recurring,state_billing_related,state_device_type,risk,expected_action,expected_outcome,should_escalate,expected_decision,difficulty,labeler_notes
GOLD_0001,1666506,@SpotifyCares is there a way we can do an annual subscription to Spotify?,SUBSCRIPTION_BILLING_PREMIUM,True,False,False,True,unknown,MEDIUM,REQUEST_INFO_AND_REDIRECT_DM,ESCALATED,False,AUTO-HANDLE,Easy,Stratified held-out test case for SUBSCRIPTION_BILLING_PREMIUM. Ground truth verified from dialogue trajectory.
GOLD_0002,1630476,@SpotifyCares Hi. Trying to update credit card details but it won't accept my new card. Can you look into this?,SUBSCRIPTION_BILLING_PREMIUM,True,False,False,True,unknown,MEDIUM,REQUEST_INFO_AND_REDIRECT_DM,ESCALATED,False,AUTO-HANDLE,Easy,Stratified held-out test case for SUBSCRIPTION_BILLING_PREMIUM. Ground truth verified from dialogue trajectory.
GOLD_0003,1157911,@SpotifyCares I get charged each month but the accounts I log into say I'm not on premium. I need help,SUBSCRIPTION_BILLING_PREMIUM,True,False,False,True,unknown,MEDIUM,REQUEST_INFO_AND_REDIRECT_DM,ESCALATED,False,AUTO-HANDLE,Easy,Stratified held-out test case for SUBSCRIPTION_BILLING_PREMIUM. Ground truth verified from dialogue trajectory.
GOLD_0004,1190796,@SpotifyCares having trouble updating payment info. Keeps reverting back to premium for students and charge doesn't go through. Help?,SUBSCRIPTION_BILLING_PREMIUM,True,False,True,True,unknown,MEDIUM,REQUEST_INFO_AND_REDIRECT_DM,ESCALATED,False,AUTO-HANDLE,Easy,Stratified held-out test case for SUBSCRIPTION_BILLING_PREMIUM. Ground truth verified from dialogue trajectory.
GOLD_0005,1190761,@SpotifyCares I'm trying to change my payment method and it won't work. Please send help!,SUBSCRIPTION_BILLING_PREMIUM,True,False,False,True,unknown,MEDIUM,REQUEST_INFO_AND_REDIRECT_DM,ESCALATED,False,AUTO-HANDLE,Easy,Stratified held-out test case for SUBSCRIPTION_BILLING_PREMIUM. Ground truth verified from dialogue trajectory.
GOLD_0006,1666481,"@SpotifyCares I bought a 6 month voucher in June as gift I’d like to renew/ extend the gift subscription- can’t work out how, pls help!!",SUBSCRIPTION_BILLING_PREMIUM,True,False,False,True,unknown,MEDIUM,REQUEST_INFO_AND_REDIRECT_DM,ESCALATED,False,AUTO-HANDLE,Easy,Stratified held-out test case for SUBSCRIPTION_BILLING_PREMIUM. Ground truth verified from dialogue trajectory.
GOLD_0007,1347523,"@SpotifyCares hi, I am trying to connect my facebook account to my premium account and keep getting this error ""Sorry there has been a temporary error, please try again later."" i am using iPhone X",SUBSCRIPTION_BILLING_PREMIUM,True,False,True,False,iPhone,MEDIUM,REQUEST_INFO_AND_REDIRECT_DM,ESCALATED,False,AUTO-HANDLE,Easy,Stratified held-out test case for SUBSCRIPTION_BILLING_PREMIUM. Ground truth verified from dialogue trajectory.
GOLD_0008,1272247,@SpotifyCares jaxster1969 premium account no longer active and NUS link not working on your web site - please help,SUBSCRIPTION_BILLING_PREMIUM,True,False,False,False,unknown,MEDIUM,REDIRECT_DM,ESCALATED,False,AUTO-HANDLE,Easy,Stratified held-out test case for SUBSCRIPTION_BILLING_PREMIUM. Ground truth verified from dialogue trajectory.
GOLD_0009,1697994,@SpotifyCares - I have set my Android device to store all downloads on my SD card with 25gb of space yet when checking my device's storage the downloads are being stored there instead. I've cleared data and cache and verified the setting for the storage location.,SUBSCRIPTION_BILLING_PREMIUM,True,False,False,True,Android,MEDIUM,REQUEST_INFORMATION,ESCALATED,False,AUTO-HANDLE,Easy,Stratified held-out test case for SUBSCRIPTION_BILLING_PREMIUM. Ground truth verified from dialogue trajectory.
GOLD_0010,1736638,@SpotifyCares why can’t I skip songs when I just bought premium https://t.co/i6MYV9qoZz,SUBSCRIPTION_BILLING_PREMIUM,True,False,False,False,unknown,MEDIUM,REQUEST_INFO_AND_REDIRECT_DM,ESCALATED,False,AUTO-HANDLE,Easy,Stratified held-out test case for SUBSCRIPTION_BILLING_PREMIUM. Ground truth verified from dialogue trajectory.
GOLD_0011,1778503,"@115888 @117168 I’ve been trying to cancel my subscription for two months now, and this makes the third month you’ve charged me. Send help! SOS",SUBSCRIPTION_BILLING_PREMIUM,True,False,False,True,unknown,MEDIUM,REQUEST_INFO_AND_REDIRECT_DM,ESCALATED,False,AUTO-HANDLE,Easy,Stratified held-out test case for SUBSCRIPTION_BILLING_PREMIUM. Ground truth verified from dialogue trajectory.
GOLD_0012,1384526,@SpotifyCares hey there. I see you're offering premium for 99 cents for 3 months. Can you apply that to my current premium account?,SUBSCRIPTION_BILLING_PREMIUM,True,False,False,False,unknown,MEDIUM,REQUEST_INFO_AND_REDIRECT_DM,ESCALATED,False,AUTO-HANDLE,Easy,Stratified held-out test case for SUBSCRIPTION_BILLING_PREMIUM. Ground truth verified from dialogue trajectory.
GOLD_0013,1842978,"Hey @115888, my both accounts are premium. What do I do now? https://t.co/nlBVFOwNz2",SUBSCRIPTION_BILLING_PREMIUM,True,False,False,False,unknown,MEDIUM,REQUEST_INFO_AND_REDIRECT_DM,UNRESOLVED_OPEN,False,AUTO-HANDLE,Easy,Stratified held-out test case for SUBSCRIPTION_BILLING_PREMIUM. Ground truth verified from dialogue trajectory.
GOLD_0014,1736600,@SpotifyCares I cancelled my subscription but was still charged 🙁,SUBSCRIPTION_BILLING_PREMIUM,True,False,True,True,unknown,MEDIUM,REQUEST_INFO_AND_REDIRECT_DM,ESCALATED,False,AUTO-HANDLE,Easy,Stratified held-out test case for SUBSCRIPTION_BILLING_PREMIUM. Ground truth verified from dialogue trajectory.
GOLD_0015,1736598,@SpotifyCares Trying to buy premium on a Visa gift card with enough money on it for premium.  I have checked on the balance status site numerous times but the payment method won't accept.  What's the deal?,SUBSCRIPTION_BILLING_PREMIUM,True,False,False,True,unknown,MEDIUM,REQUEST_INFO_AND_REDIRECT_DM,ESCALATED,False,AUTO-HANDLE,Easy,Stratified held-out test case for SUBSCRIPTION_BILLING_PREMIUM. Ground truth verified from dialogue trajectory.
GOLD_0016,2466924,@SpotifyCares hey my names John I keep getting charges from spotify that I don't want I don't remember my login stuff to remove my card from the account is there anyway y'all can help,SUBSCRIPTION_BILLING_PREMIUM,True,False,False,True,unknown,MEDIUM,REDIRECT_DM,ESCALATED,False,AUTO-HANDLE,Easy,Stratified held-out test case for SUBSCRIPTION_BILLING_PREMIUM. Ground truth verified from dialogue trajectory.
GOLD_0017,2466936,@117153 what is going on. Cannot login. I am premium user not able to use your Services.,SUBSCRIPTION_BILLING_PREMIUM,True,False,False,False,unknown,MEDIUM,REQUEST_INFO_AND_REDIRECT_DM,ESCALATED,False,AUTO-HANDLE,Easy,Stratified held-out test case for SUBSCRIPTION_BILLING_PREMIUM. Ground truth verified from dialogue trajectory.
GOLD_0018,1790143,@SpotifyCares Hey Spotify team! I recently upgraded to Premium on one of the black friday deals and I'm still getting a fair amount of ads. Any idea what might be up? Thanks!,SUBSCRIPTION_BILLING_PREMIUM,True,False,True,False,unknown,MEDIUM,REQUEST_INFO_AND_REDIRECT_DM,ESCALATED,False,AUTO-HANDLE,Easy,Stratified held-out test case for SUBSCRIPTION_BILLING_PREMIUM. Ground truth verified from dialogue trajectory.
GOLD_0019,1790145,@115888 hey Spotify if I get the 3 month premium trial does it also include playing any song I want?,SUBSCRIPTION_BILLING_PREMIUM,True,False,False,False,unknown,MEDIUM,PROVIDE_INSTRUCTIONS,UNRESOLVED_OPEN,False,AUTO-HANDLE,Easy,Stratified held-out test case for SUBSCRIPTION_BILLING_PREMIUM. Ground truth verified from dialogue trajectory.
GOLD_0020,44304,"Ah, wonderful. A random person is listening to my @115888 Premium account in France. No idea how I've been hacked, but suppose it can happen on any service.",SUBSCRIPTION_BILLING_PREMIUM,True,False,False,False,unknown,HIGH,PROVIDE_INSTRUCTIONS,UNRESOLVED_OPEN,True,ESCALATE,Hard,Stratified held-out test case for SUBSCRIPTION_BILLING_PREMIUM. Ground truth verified from dialogue trajectory.
GOLD_0021,1950478,"@SpotifyCares I have a paid subscription but it is still saying it’s a free account and playing ads, no skips etc.
Can someone please help?",SUBSCRIPTION_BILLING_PREMIUM,True,False,True,True,unknown,MEDIUM,REDIRECT_DM,ESCALATED,False,AUTO-HANDLE,Easy,Stratified held-out test case for SUBSCRIPTION_BILLING_PREMIUM. Ground truth verified from dialogue trajectory.
GOLD_0022,1950482,@SpotifyCares I signed up for Premium 3 month trial two days ago. I am getting advertisements on my iPad. Why,SUBSCRIPTION_BILLING_PREMIUM,True,False,False,False,iPad,MEDIUM,REQUEST_INFO_AND_REDIRECT_DM,ESCALATED,False,AUTO-HANDLE,Easy,Stratified held-out test case for SUBSCRIPTION_BILLING_PREMIUM. Ground truth verified from dialogue trajectory.
GOLD_0023,2038953,"@SpotifyCares Hi, I have question about my account - I have two accounts and one is premium but I can't remember the log in details. I can see the payments lifting from my bank account... can you help?",SUBSCRIPTION_BILLING_PREMIUM,True,False,False,True,unknown,MEDIUM,REQUEST_INFO_AND_REDIRECT_DM,ESCALATED,False,AUTO-HANDLE,Easy,Stratified held-out test case for SUBSCRIPTION_BILLING_PREMIUM. Ground truth verified from dialogue trajectory.
GOLD_0024,1778457,"@SpotifyCares Hello, I saw an ad saying 99 cents for 3 months. I clicked on it and it took me to page where I logged in ( new user, never been activated for premium ). I was charged 9.99 on my credit card. __email__ is the email",SUBSCRIPTION_BILLING_PREMIUM,True,False,False,True,unknown,MEDIUM,REQUEST_INFO_AND_REDIRECT_DM,ESCALATED,False,AUTO-HANDLE,Easy,Stratified held-out test case for SUBSCRIPTION_BILLING_PREMIUM. Ground truth verified from dialogue trajectory.
GOLD_0025,2108118,@SpotifyCares hi am having problems with upgrading to premium.. I was on  trail for 7days its over now I've tried to upgrade keeps saying card failed.. Do we now have to pay straight away when upgrading??,SUBSCRIPTION_BILLING_PREMIUM,True,True,True,True,unknown,MEDIUM,REQUEST_INFO_AND_REDIRECT_DM,ESCALATED,False,AUTO-HANDLE,Easy,Stratified held-out test case for SUBSCRIPTION_BILLING_PREMIUM. Ground truth verified from dialogue trajectory.
GOLD_0026,1666485,@117153 I'm trying to buy spotify premium and it is not letting my payment go through.,SUBSCRIPTION_BILLING_PREMIUM,True,False,False,True,unknown,MEDIUM,REQUEST_INFO_AND_REDIRECT_DM,ESCALATED,False,AUTO-HANDLE,Easy,Stratified held-out test case for SUBSCRIPTION_BILLING_PREMIUM. Ground truth verified from dialogue trajectory.
GOLD_0027,2164327,@SpotifyCares So I am a previous member of Spotify premium but had cancelled my membership due to not wanting to pay at the time. So now I have a new phone and am trying to log in to Spotify and it says my email is used by a Facebook login. So I try logging in via Facebook...,SUBSCRIPTION_BILLING_PREMIUM,True,False,False,False,unknown,MEDIUM,REQUEST_INFO_AND_REDIRECT_DM,ESCALATED,False,AUTO-HANDLE,Easy,Stratified held-out test case for SUBSCRIPTION_BILLING_PREMIUM. Ground truth verified from dialogue trajectory.
GOLD_0028,2201026,@SpotifyCares if i cant use my australian card to buy the upgrade why keep telling me to upgrade and keep showing ad's maybe fix it or release australian cards so i can buy it without ad's,SUBSCRIPTION_BILLING_PREMIUM,True,False,False,True,unknown,MEDIUM,REDIRECT_DM,ESCALATED,False,AUTO-HANDLE,Easy,Stratified held-out test case for SUBSCRIPTION_BILLING_PREMIUM. Ground truth verified from dialogue trajectory.
GOLD_0029,1630494,@spotifycares trying to buy a premium gift card and your web site check out is not working. Can you assist?,SUBSCRIPTION_BILLING_PREMIUM,True,False,False,True,unknown,MEDIUM,REQUEST_INFO_AND_REDIRECT_DM,ESCALATED,False,AUTO-HANDLE,Easy,Stratified held-out test case for SUBSCRIPTION_BILLING_PREMIUM. Ground truth verified from dialogue trajectory.
GOLD_0030,1778465,@SpotifyCares and they have been being charged since 2013 with almost 0 use of Spotify.,SUBSCRIPTION_BILLING_PREMIUM,True,False,False,True,unknown,MEDIUM,REQUEST_INFO_AND_REDIRECT_DM,ESCALATED,False,AUTO-HANDLE,Easy,Stratified held-out test case for SUBSCRIPTION_BILLING_PREMIUM. Ground truth verified from dialogue trajectory.
GOLD_0031,1698015,@115888 All songs keep cutting in and out. Updated app and still happening. Only happening to audio from spotify. Please look into this.,PLAYBACK_STREAMING_AUDIO,True,True,True,False,unknown,LOW,REQUEST_INFORMATION,UNRESOLVED_OPEN,False,AUTO-HANDLE,Easy,Stratified held-out test case for PLAYBACK_STREAMING_AUDIO. Ground truth verified from dialogue trajectory.
GOLD_0032,1736602,"@SpotifyCares are there any plans to fix the ps4 app? It is horrible compared to the mobile app. Freezes all the time, doesn't play music when tracks change sometime, just a disappointing product overall.",PLAYBACK_STREAMING_AUDIO,True,False,False,False,Smart TV/Console,LOW,TROUBLESHOOT_UPDATE,UNRESOLVED_OPEN,False,AUTO-HANDLE,Easy,Stratified held-out test case for PLAYBACK_STREAMING_AUDIO. Ground truth verified from dialogue trajectory.
GOLD_0033,1790137,HELLO????? SKIP ADS? ANYONE THERE? @115888,PLAYBACK_STREAMING_AUDIO,True,False,False,False,unknown,LOW,REQUEST_INFO_AND_REDIRECT_DM,ESCALATED,False,AUTO-HANDLE,Easy,Stratified held-out test case for PLAYBACK_STREAMING_AUDIO. Ground truth verified from dialogue trajectory.
GOLD_0034,1790132,Am I the one with HUGE problems with @115888 (songs that don't play or suddenly stop playing) when using a Chromecast? @SpotifyCares,PLAYBACK_STREAMING_AUDIO,True,False,False,False,Smart TV/Console,LOW,REQUEST_INFORMATION,UNRESOLVED_OPEN,False,AUTO-HANDLE,Easy,Stratified held-out test case for PLAYBACK_STREAMING_AUDIO. Ground truth verified from dialogue trajectory.
GOLD_0035,1822610,"Why does @115888 seem to think that when I put in and hit shuffle play on something specific that I want to hear ""suggested songs""? If I wanted something suggested because the artist has other stuff then I would go to the artists other stuff. Get your crap together @115888",PLAYBACK_STREAMING_AUDIO,True,False,False,False,unknown,LOW,REQUEST_INFO_AND_REDIRECT_DM,ESCALATED,False,AUTO-HANDLE,Easy,Stratified held-out test case for PLAYBACK_STREAMING_AUDIO. Ground truth verified from dialogue trajectory.
GOLD_0036,1790176,Why are the ads on Spotify so damn annoying? They are so loud with booming music and screaming people... STOP @115888,PLAYBACK_STREAMING_AUDIO,True,False,False,False,unknown,LOW,ESCALATE_INTERNAL,ESCALATED,True,ESCALATE,Medium,Stratified held-out test case for PLAYBACK_STREAMING_AUDIO. Ground truth verified from dialogue trajectory.
GOLD_0037,2038966,Spotify would completely take over the music streaming market if they let you stream mixtapes. Some artists best work are on mixtape. @115888 @117168 @SpotifyCares,PLAYBACK_STREAMING_AUDIO,True,False,False,False,unknown,LOW,PROVIDE_INSTRUCTIONS,UNRESOLVED_OPEN,False,AUTO-HANDLE,Easy,Stratified held-out test case for PLAYBACK_STREAMING_AUDIO. Ground truth verified from dialogue trajectory.
GOLD_0038,2201042,@115888 You guys have the worst user interface on pc and mobile. You can't find your way to a specific album or song without having to dig through all the folders. I listen to pretty much the same songs all the time but it still takes like 6 clicks just to play a song.,PLAYBACK_STREAMING_AUDIO,True,False,True,False,Windows/PC,MEDIUM,PROVIDE_GENERAL_ASSISTANCE,UNRESOLVED_OPEN,False,AUTO-HANDLE,Easy,Stratified held-out test case for PLAYBACK_STREAMING_AUDIO. Ground truth verified from dialogue trajectory.
GOLD_0039,2164323,When you create a playlist full of your favourite songs and @115888 just decides to play any other songs than the ones that you added. Smh!!!!,PLAYBACK_STREAMING_AUDIO,True,False,False,False,unknown,LOW,REQUEST_INFORMATION,UNRESOLVED_OPEN,False,AUTO-HANDLE,Easy,Stratified held-out test case for PLAYBACK_STREAMING_AUDIO. Ground truth verified from dialogue trajectory.
GOLD_0040,1666493,"@118266 om/tante, kalo kita stream pake vpn indo bakal kehitung ga ya buat chart billboard?",PLAYBACK_STREAMING_AUDIO,True,False,False,False,unknown,LOW,PROVIDE_INSTRUCTIONS,UNRESOLVED_OPEN,False,AUTO-HANDLE,Easy,Stratified held-out test case for PLAYBACK_STREAMING_AUDIO. Ground truth verified from dialogue trajectory.
GOLD_0041,1630480,"@115888 When will ""Reputation"" be streaming on Spotify ?",PLAYBACK_STREAMING_AUDIO,True,False,False,False,unknown,LOW,PROVIDE_INSTRUCTIONS,UNRESOLVED_OPEN,False,AUTO-HANDLE,Easy,Stratified held-out test case for PLAYBACK_STREAMING_AUDIO. Ground truth verified from dialogue trajectory.
GOLD_0042,2219852,When Spotify starts skipping like a scratched CD... authentic...,PLAYBACK_STREAMING_AUDIO,True,False,False,False,unknown,LOW,REQUEST_INFORMATION,UNRESOLVED_OPEN,False,AUTO-HANDLE,Easy,Stratified held-out test case for PLAYBACK_STREAMING_AUDIO. Ground truth verified from dialogue trajectory.
GOLD_0043,2394372,Hey @SpotifyCares   Wife and I just got several Google home minis. We want to play two separate things in separate rooms. But when another person starts music the first Home shuts off. Can we do what we want?,PLAYBACK_STREAMING_AUDIO,True,False,False,False,unknown,LOW,PROVIDE_INSTRUCTIONS,UNRESOLVED_OPEN,False,AUTO-HANDLE,Easy,Stratified held-out test case for PLAYBACK_STREAMING_AUDIO. Ground truth verified from dialogue trajectory.
GOLD_0044,2489542,"@SpotifyCares also, a screenshot isn't going to show the track the keep playing when no audio is.... so I don't know how that will help.",PLAYBACK_STREAMING_AUDIO,True,False,False,False,unknown,LOW,REQUEST_INFO_AND_REDIRECT_DM,LIKELY_RESOLVED,False,AUTO-HANDLE,Easy,Stratified held-out test case for PLAYBACK_STREAMING_AUDIO. Ground truth verified from dialogue trajectory.
GOLD_0045,1790168,Really wish @SpotifyCares can stop removing @139985 's songs 🙄,PLAYBACK_STREAMING_AUDIO,True,False,False,False,unknown,LOW,EXPLAIN_POLICY_OR_CATALOG,UNRESOLVED_OPEN,False,AUTO-HANDLE,Easy,Stratified held-out test case for PLAYBACK_STREAMING_AUDIO. Ground truth verified from dialogue trajectory.
GOLD_0046,2545284,"It would be nice to be able to stream the clean versions of songs

Cc: @115888",PLAYBACK_STREAMING_AUDIO,True,False,False,False,unknown,LOW,PROVIDE_INSTRUCTIONS,UNRESOLVED_OPEN,False,AUTO-HANDLE,Easy,Stratified held-out test case for PLAYBACK_STREAMING_AUDIO. Ground truth verified from dialogue trajectory.
GOLD_0047,2577796,Why won’t LA Lights by @139985  play on my @115888 ???,PLAYBACK_STREAMING_AUDIO,True,False,False,False,unknown,LOW,REQUEST_INFORMATION,ESCALATED,False,AUTO-HANDLE,Easy,Stratified held-out test case for PLAYBACK_STREAMING_AUDIO. Ground truth verified from dialogue trajectory.
GOLD_0048,2577791,@SpotifyCares my music keeps pausing and skipping whenever I have my headphones plugged in on iphone 7. Its so annoying im paying for this service and I cant even listen to my music anymore?!!,PLAYBACK_STREAMING_AUDIO,True,False,True,False,iPhone,MEDIUM,REQUEST_INFORMATION,ESCALATED,False,AUTO-HANDLE,Easy,Stratified held-out test case for PLAYBACK_STREAMING_AUDIO. Ground truth verified from dialogue trajectory.
GOLD_0049,2603343,My @115888 playlists play on shuffle even if I din’t play them on shuffle.,PLAYBACK_STREAMING_AUDIO,True,False,False,False,unknown,LOW,REQUEST_INFORMATION,RESOLVED,False,AUTO-HANDLE,Easy,Stratified held-out test case for PLAYBACK_STREAMING_AUDIO. Ground truth verified from dialogue trajectory.
GOLD_0050,2368014,"Hi @115888, can I save/bookmark the last played position in a audio book?",PLAYBACK_STREAMING_AUDIO,True,False,False,False,unknown,LOW,REQUEST_INFORMATION,UNRESOLVED_OPEN,False,AUTO-HANDLE,Easy,Stratified held-out test case for PLAYBACK_STREAMING_AUDIO. Ground truth verified from dialogue trajectory.
GOLD_0051,2545278,@SpotifyCares And after nearly 2 hrs of redownloading everything it does not sound as good as before either. Wtf is going on?? Im very upset!!!,PLAYBACK_STREAMING_AUDIO,True,False,False,False,unknown,LOW,REQUEST_INFO_AND_REDIRECT_DM,ESCALATED,False,AUTO-HANDLE,Easy,Stratified held-out test case for PLAYBACK_STREAMING_AUDIO. Ground truth verified from dialogue trajectory.
GOLD_0052,2201018,@115888 y’all wanna stop shuffling and playing songs i never put in my playlist https://t.co/Mia2CUzvAj,PLAYBACK_STREAMING_AUDIO,True,False,False,False,unknown,LOW,PROVIDE_INSTRUCTIONS,UNRESOLVED_OPEN,False,AUTO-HANDLE,Easy,Stratified held-out test case for PLAYBACK_STREAMING_AUDIO. Ground truth verified from dialogue trajectory.
GOLD_0053,2807547,"@SpotifyCares why is it that when the app is playing on my av receiver and has been minimised on my HTC m9, the moment I go back to it it cancels playback on my receiver and stops it on phone. It's borderline unusable.",PLAYBACK_STREAMING_AUDIO,True,False,False,False,Android,LOW,REQUEST_INFORMATION,ESCALATED,False,AUTO-HANDLE,Easy,Stratified held-out test case for PLAYBACK_STREAMING_AUDIO. Ground truth verified from dialogue trajectory.
GOLD_0054,2200997,"@117168 My apps have been going crazy here lately. Playing on devices not authorized, devices that don’t exist, etc. Also just stops playing for some reason. Any suggestions?",PLAYBACK_STREAMING_AUDIO,True,False,False,False,unknown,LOW,REQUEST_INFO_AND_REDIRECT_DM,ESCALATED,False,AUTO-HANDLE,Easy,Stratified held-out test case for PLAYBACK_STREAMING_AUDIO. Ground truth verified from dialogue trajectory.
GOLD_0055,2201048,i press shuffle play for bts on spotify and i get craig david,PLAYBACK_STREAMING_AUDIO,True,False,False,False,unknown,LOW,PROVIDE_INSTRUCTIONS,UNRESOLVED_OPEN,False,AUTO-HANDLE,Easy,Stratified held-out test case for PLAYBACK_STREAMING_AUDIO. Ground truth verified from dialogue trajectory.
GOLD_0056,1698032,@SpotifyCares any plans to allow podcasts to be added to playlists? Needed for my mighty!,PLAYLIST_LIBRARY_CATALOG,True,False,False,False,unknown,LOW,REQUEST_INFO_AND_REDIRECT_DM,UNRESOLVED_OPEN,False,AUTO-HANDLE,Easy,Stratified held-out test case for PLAYLIST_LIBRARY_CATALOG. Ground truth verified from dialogue trajectory.
GOLD_0057,1231177,"@115888 @SpotifyCares please let me swipe on a track to add it to my queue on the android app; just switched from iOS and the extra clicks are painful. My only gripe with a great app, love you guys!",PLAYLIST_LIBRARY_CATALOG,True,False,False,False,iPhone,LOW,PROVIDE_GENERAL_ASSISTANCE,UNRESOLVED_OPEN,False,AUTO-HANDLE,Easy,Stratified held-out test case for PLAYLIST_LIBRARY_CATALOG. Ground truth verified from dialogue trajectory.
GOLD_0058,1790183,"Dear @115888 :
You should talk with Hollywood Records and upload all the Jonas Brothers Discography. You would make the world a better place. 
Thanks! 
@71751 @65044 @15221 @246535",PLAYLIST_LIBRARY_CATALOG,True,False,False,False,unknown,LOW,PROVIDE_INSTRUCTIONS,UNRESOLVED_OPEN,False,AUTO-HANDLE,Easy,Stratified held-out test case for PLAYLIST_LIBRARY_CATALOG. Ground truth verified from dialogue trajectory.
GOLD_0059,1790181,"Hey @SpotifyCares maybe, just maybe it only impacts 1% of your users because those that hit the limit leave. Or they work around it and just accept a crap user experience (that was me for years, messing with nested playlists until I got sick of it).

https://t.co/NrkgwUM7yQ",PLAYLIST_LIBRARY_CATALOG,True,False,False,False,unknown,LOW,ESCALATE_INTERNAL,ESCALATED,True,ESCALATE,Medium,Stratified held-out test case for PLAYLIST_LIBRARY_CATALOG. Ground truth verified from dialogue trajectory.
GOLD_0060,1790135,@117168 needs to get its shit together and let me listen to my dad songs playlist and cry ok.,PLAYLIST_LIBRARY_CATALOG,True,False,False,False,unknown,LOW,REQUEST_INFORMATION,UNRESOLVED_OPEN,False,AUTO-HANDLE,Easy,Stratified held-out test case for PLAYLIST_LIBRARY_CATALOG. Ground truth verified from dialogue trajectory.
GOLD_0061,1822594,@115888 why is banjo Dixieland playlist playing pop music ?,PLAYLIST_LIBRARY_CATALOG,True,False,False,False,unknown,LOW,PROVIDE_GENERAL_ASSISTANCE,UNRESOLVED_OPEN,False,AUTO-HANDLE,Easy,Stratified held-out test case for PLAYLIST_LIBRARY_CATALOG. Ground truth verified from dialogue trajectory.
GOLD_0062,1950484,Wait what do you mean I can only listen to music on shuffle this is such bullshit @115888 https://t.co/azWICyArb8,PLAYLIST_LIBRARY_CATALOG,True,False,False,False,unknown,LOW,PROVIDE_INSTRUCTIONS,UNRESOLVED_OPEN,False,AUTO-HANDLE,Easy,Stratified held-out test case for PLAYLIST_LIBRARY_CATALOG. Ground truth verified from dialogue trajectory.
GOLD_0063,1843947,"@115888 we are all dying to have the entire reputation album already please, save our lives",PLAYLIST_LIBRARY_CATALOG,True,False,False,False,unknown,LOW,PROVIDE_INSTRUCTIONS,UNRESOLVED_OPEN,False,AUTO-HANDLE,Easy,Stratified held-out test case for PLAYLIST_LIBRARY_CATALOG. Ground truth verified from dialogue trajectory.
GOLD_0064,1790149,@115888 when ya going to let me see who’s following my playlists?,PLAYLIST_LIBRARY_CATALOG,True,False,False,False,unknown,LOW,PROVIDE_GENERAL_ASSISTANCE,UNRESOLVED_OPEN,False,AUTO-HANDLE,Easy,Stratified held-out test case for PLAYLIST_LIBRARY_CATALOG. Ground truth verified from dialogue trajectory.
GOLD_0065,2826160,"@125633 The contact form on your website doesn't work... ""Uh oh. Something went wrong."" No other way of getting in touch, apparently. Can someone help me??? There are two ""Auralponic"" artist profiles on Spotify for some reason—been hoping to get this fixed for awhile now.",PLAYLIST_LIBRARY_CATALOG,True,False,False,False,unknown,LOW,REQUEST_INFO_AND_REDIRECT_DM,ESCALATED,False,AUTO-HANDLE,Easy,Stratified held-out test case for PLAYLIST_LIBRARY_CATALOG. Ground truth verified from dialogue trajectory.
GOLD_0066,1778505,⚠️ @115888 urgendly needs a 'party-playlist mode' which does not allow non-DJs to meddle w/ a playlist in the middle of a song @70623,PLAYLIST_LIBRARY_CATALOG,True,False,False,False,unknown,LOW,ESCALATE_INTERNAL,ESCALATED,True,ESCALATE,Medium,Stratified held-out test case for PLAYLIST_LIBRARY_CATALOG. Ground truth verified from dialogue trajectory.
GOLD_0067,2038960,"I really need @115888 to bring back the playlist feature on the Roku app. 

🗣Spotify really isn’t the same without access to it’s playlists.",PLAYLIST_LIBRARY_CATALOG,True,False,False,False,Smart TV/Console,LOW,PROVIDE_INSTRUCTIONS,UNRESOLVED_OPEN,False,AUTO-HANDLE,Easy,Stratified held-out test case for PLAYLIST_LIBRARY_CATALOG. Ground truth verified from dialogue trajectory.
GOLD_0068,1698028,"@115888 make a ""random playlist"" button",PLAYLIST_LIBRARY_CATALOG,True,False,False,False,unknown,LOW,ESCALATE_INTERNAL,ESCALATED,True,ESCALATE,Medium,Stratified held-out test case for PLAYLIST_LIBRARY_CATALOG. Ground truth verified from dialogue trajectory.
GOLD_0069,1666497,@115888 should have a way to filter your library by genre 🤔,PLAYLIST_LIBRARY_CATALOG,True,False,False,False,unknown,LOW,PROVIDE_GENERAL_ASSISTANCE,UNRESOLVED_OPEN,False,AUTO-HANDLE,Easy,Stratified held-out test case for PLAYLIST_LIBRARY_CATALOG. Ground truth verified from dialogue trajectory.
GOLD_0070,1778478,@115888 when are you guys going to release @118062 new album?,PLAYLIST_LIBRARY_CATALOG,True,False,False,False,unknown,LOW,PROVIDE_INSTRUCTIONS,UNRESOLVED_OPEN,False,AUTO-HANDLE,Easy,Stratified held-out test case for PLAYLIST_LIBRARY_CATALOG. Ground truth verified from dialogue trajectory.
GOLD_0071,2219850,Hey @SpotifyCares what do I do if I think a band has an album listed under them on your service that isn’t actually them?,PLAYLIST_LIBRARY_CATALOG,True,False,False,False,unknown,LOW,PROVIDE_INSTRUCTIONS,UNRESOLVED_OPEN,False,AUTO-HANDLE,Easy,Stratified held-out test case for PLAYLIST_LIBRARY_CATALOG. Ground truth verified from dialogue trajectory.
GOLD_0072,2219846,Can I upload my own music to @SpotifyCares if it's not in their catalog?,PLAYLIST_LIBRARY_CATALOG,True,False,False,False,unknown,LOW,EXPLAIN_POLICY_OR_CATALOG,UNRESOLVED_OPEN,False,AUTO-HANDLE,Easy,Stratified held-out test case for PLAYLIST_LIBRARY_CATALOG. Ground truth verified from dialogue trajectory.
GOLD_0073,1778467,@SpotifyCares my playlists are completely gone replaced with a bunch of french rap in a playlist called “ma music” which i never made. Missing on both desktop and mobile. Logging out and back in doesn’t fix it.,PLAYLIST_LIBRARY_CATALOG,True,False,False,False,Windows/PC,LOW,PROVIDE_INSTRUCTIONS,UNRESOLVED_OPEN,False,AUTO-HANDLE,Easy,Stratified held-out test case for PLAYLIST_LIBRARY_CATALOG. Ground truth verified from dialogue trajectory.
GOLD_0074,1666487,What is Stranger Things mode @115888 and how do I know what playlists are compatible with this feature?,PLAYLIST_LIBRARY_CATALOG,True,False,False,False,unknown,LOW,PROVIDE_INSTRUCTIONS,UNRESOLVED_OPEN,False,AUTO-HANDLE,Easy,Stratified held-out test case for PLAYLIST_LIBRARY_CATALOG. Ground truth verified from dialogue trajectory.
GOLD_0075,2282051,"Spotify's shuffle is SO BAD. On a 300 song playlist, I heard an ENTIRE ALBUM within 30 songs. Please take a second look @SpotifyCares",PLAYLIST_LIBRARY_CATALOG,True,False,False,False,unknown,LOW,REQUEST_INFORMATION,UNRESOLVED_OPEN,False,AUTO-HANDLE,Easy,Stratified held-out test case for PLAYLIST_LIBRARY_CATALOG. Ground truth verified from dialogue trajectory.
GOLD_0076,1843951,".@115888 don’t ever, EVER put an indie band’s cover of a hip hop song in my weekly playlist again. Savvy?",PLAYLIST_LIBRARY_CATALOG,True,False,True,False,unknown,LOW,REQUEST_INFORMATION,UNRESOLVED_OPEN,False,AUTO-HANDLE,Easy,Stratified held-out test case for PLAYLIST_LIBRARY_CATALOG. Ground truth verified from dialogue trajectory.
GOLD_0077,2545286,"@115888 not that it wasnt my own damn fault but this is the 5th time this semester ive undownloaded my whole saved songs list accidentally... some kind of prompt along the lines of ""hey you sure you wanna delete all 967 songs rn?"" would be appreciated🙃",PLAYLIST_LIBRARY_CATALOG,True,False,False,False,unknown,LOW,PROVIDE_INSTRUCTIONS,UNRESOLVED_OPEN,False,AUTO-HANDLE,Easy,Stratified held-out test case for PLAYLIST_LIBRARY_CATALOG. Ground truth verified from dialogue trajectory.
GOLD_0078,2520080,@115888 there's just one album from legendary Karate https://t.co/XvStMbRqdj WHY?,PLAYLIST_LIBRARY_CATALOG,True,False,False,False,unknown,LOW,PROVIDE_INSTRUCTIONS,UNRESOLVED_OPEN,False,AUTO-HANDLE,Easy,Stratified held-out test case for PLAYLIST_LIBRARY_CATALOG. Ground truth verified from dialogue trajectory.
GOLD_0079,2022689,can @115888 please bring out a feature that lets you list to 2 playlists at once?🤔 fed up of having to make a new playlist just to merge 2 old ones...,PLAYLIST_LIBRARY_CATALOG,True,False,False,False,unknown,LOW,PROVIDE_INSTRUCTIONS,UNRESOLVED_OPEN,False,AUTO-HANDLE,Easy,Stratified held-out test case for PLAYLIST_LIBRARY_CATALOG. Ground truth verified from dialogue trajectory.
GOLD_0080,2826151,"@SpotifyCares My name is Chaps and i produce Tech House. 
Spotify has linked me as an artist to Chaps (boy band from the 90's).
Help please.",PLAYLIST_LIBRARY_CATALOG,True,False,False,False,unknown,LOW,REQUEST_INFO_AND_REDIRECT_DM,ESCALATED,False,AUTO-HANDLE,Easy,Stratified held-out test case for PLAYLIST_LIBRARY_CATALOG. Ground truth verified from dialogue trajectory.
GOLD_0081,1698042,@361693 I created my Spotify account by logging in with facebook and I deleted my facebook - and now I have no way to log in to edit my settings but I can still listen to music?,ACCOUNT_ACCESS_AUTH,True,False,True,False,unknown,LOW,REQUEST_INFO_AND_REDIRECT_DM,ESCALATED,False,AUTO-HANDLE,Easy,Stratified held-out test case for ACCOUNT_ACCESS_AUTH. Ground truth verified from dialogue trajectory.
GOLD_0082,1190765,"@SpotifyCares 
My account has been disabled and I need",ACCOUNT_ACCESS_AUTH,True,False,False,False,unknown,LOW,REQUEST_INFO_AND_REDIRECT_DM,ESCALATED,False,AUTO-HANDLE,Easy,Stratified held-out test case for ACCOUNT_ACCESS_AUTH. Ground truth verified from dialogue trajectory.
GOLD_0083,1698045,@SpotifyCares My account is blocked after one failed transaction. Not customer-friendly! What to do now? Login on website doesn't work. I need my music.,ACCOUNT_ACCESS_AUTH,True,False,False,False,unknown,LOW,REQUEST_INFO_AND_REDIRECT_DM,ESCALATED,False,AUTO-HANDLE,Easy,Stratified held-out test case for ACCOUNT_ACCESS_AUTH. Ground truth verified from dialogue trajectory.
GOLD_0084,1272295,"@SpotifyCares I just submitted to claim one of my artist ""Free Waffle"" under the email __email__ can you speed up the verification process?",ACCOUNT_ACCESS_AUTH,True,False,False,False,unknown,LOW,REDIRECT_DM,ESCALATED,False,AUTO-HANDLE,Easy,Stratified held-out test case for ACCOUNT_ACCESS_AUTH. Ground truth verified from dialogue trajectory.
GOLD_0085,1698050,@SpotifyCares I can't get into my account. It says that I connect through FaceBook but when I try to connect it won't login.,ACCOUNT_ACCESS_AUTH,True,False,False,False,unknown,LOW,REQUEST_INFO_AND_REDIRECT_DM,ESCALATED,False,AUTO-HANDLE,Easy,Stratified held-out test case for ACCOUNT_ACCESS_AUTH. Ground truth verified from dialogue trajectory.
GOLD_0086,1272291,@SpotifyCares I trying to link with Facebook but saying Facebook account linked with another account,ACCOUNT_ACCESS_AUTH,True,False,False,False,unknown,LOW,REQUEST_INFO_AND_REDIRECT_DM,ESCALATED,False,AUTO-HANDLE,Easy,Stratified held-out test case for ACCOUNT_ACCESS_AUTH. Ground truth verified from dialogue trajectory.
GOLD_0087,44302,@SpotifyCares I tweeted you earlier today and have not heard back. Someone else is using my account again. This is the second time in a week.,ACCOUNT_ACCESS_AUTH,True,False,True,False,unknown,LOW,PROVIDE_INSTRUCTIONS,UNRESOLVED_OPEN,False,AUTO-HANDLE,Easy,Stratified held-out test case for ACCOUNT_ACCESS_AUTH. Ground truth verified from dialogue trajectory.
GOLD_0088,1778517,"Trying to link @115888 to my @158307 account. PS4 tells me it's already linked to a different PSN account, but Spotify tells me I'm not linked to anything. 🤔🤔

Halp, @SpotifyCares?",ACCOUNT_ACCESS_AUTH,True,False,False,False,Smart TV/Console,LOW,PROVIDE_GENERAL_ASSISTANCE,ESCALATED,False,AUTO-HANDLE,Easy,Stratified held-out test case for ACCOUNT_ACCESS_AUTH. Ground truth verified from dialogue trajectory.
GOLD_0089,1778496,@SpotifyCares someone keeps listening to my account on their device.  How can i keep them out of my account,ACCOUNT_ACCESS_AUTH,True,False,True,False,unknown,LOW,PROVIDE_INSTRUCTIONS,UNRESOLVED_OPEN,False,AUTO-HANDLE,Easy,Stratified held-out test case for ACCOUNT_ACCESS_AUTH. Ground truth verified from dialogue trajectory.
GOLD_0090,1736593,@115888 cancel my account thanks .Very hard to contact you .,ACCOUNT_ACCESS_AUTH,True,False,False,False,unknown,LOW,REQUEST_INFO_AND_REDIRECT_DM,ESCALATED,False,AUTO-HANDLE,Easy,Stratified held-out test case for ACCOUNT_ACCESS_AUTH. Ground truth verified from dialogue trajectory.
GOLD_0091,1778489,@115888 need your help with account,ACCOUNT_ACCESS_AUTH,True,False,False,False,unknown,LOW,REQUEST_INFO_AND_REDIRECT_DM,ESCALATED,False,AUTO-HANDLE,Easy,Stratified held-out test case for ACCOUNT_ACCESS_AUTH. Ground truth verified from dialogue trajectory.
GOLD_0092,1950473,@SpotifyCares Is it possible to play music ONLY from my library of local file songs I brought on the Google Home? I really want to know this before I sign up for a Spotify account,ACCOUNT_ACCESS_AUTH,True,False,False,False,unknown,LOW,REQUEST_INFORMATION,UNRESOLVED_OPEN,False,AUTO-HANDLE,Easy,Stratified held-out test case for ACCOUNT_ACCESS_AUTH. Ground truth verified from dialogue trajectory.
GOLD_0093,1843936,"@SpotifyCares This screen is shown to me AFTER logging in with a username and password, and the 'log me in anyway' button takes me to my logged in home screen. 

However an error message is shown if I try logging in with an invalid password.

I'm confused 🤔 https://t.co/56JkSQ0DYm",ACCOUNT_ACCESS_AUTH,True,False,False,False,unknown,LOW,REQUEST_INFO_AND_REDIRECT_DM,LIKELY_RESOLVED,False,AUTO-HANDLE,Easy,Stratified held-out test case for ACCOUNT_ACCESS_AUTH. Ground truth verified from dialogue trajectory.
GOLD_0094,2038951,This and only this is why I still have a @188 account. @115888 Why are you doing this to me?! https://t.co/8eGeoJsdrv,ACCOUNT_ACCESS_AUTH,True,False,True,False,unknown,MEDIUM,REQUEST_INFO_AND_REDIRECT_DM,ESCALATED,False,AUTO-HANDLE,Easy,Stratified held-out test case for ACCOUNT_ACCESS_AUTH. Ground truth verified from dialogue trajectory.
GOLD_0095,2108120,@SpotifyCares I am having a hard time logging in to my account. It has been years since I needed info to log in and nothing I try works.,ACCOUNT_ACCESS_AUTH,True,False,False,False,unknown,LOW,REQUEST_INFO_AND_REDIRECT_DM,ESCALATED,False,AUTO-HANDLE,Easy,Stratified held-out test case for ACCOUNT_ACCESS_AUTH. Ground truth verified from dialogue trajectory.
GOLD_0096,1736608,"@SpotifyCares hey I was in offline mode on my android a I restarted the phone. Now I can't login, it says I'm in offline mode. What the heck?",ACCOUNT_ACCESS_AUTH,True,True,False,False,Android,LOW,REQUEST_INFORMATION,UNRESOLVED_OPEN,False,AUTO-HANDLE,Easy,Stratified held-out test case for ACCOUNT_ACCESS_AUTH. Ground truth verified from dialogue trajectory.
GOLD_0097,2282062,"@SpotifyCares Absolutely dreadful to deal with. Unresponsive, no responses to content of E mails, no call centre and have locked me out of my account despite being up to date with payments. Have lost several years of playlists. Good with platitudes, however. #deezer #cd #vinyl",ACCOUNT_ACCESS_AUTH,True,False,False,False,unknown,LOW,REDIRECT_DM,ESCALATED,False,AUTO-HANDLE,Easy,Stratified held-out test case for ACCOUNT_ACCESS_AUTH. Ground truth verified from dialogue trajectory.
GOLD_0098,1736633,"@SpotifyCares can't log in with the same log in details i've been using for like 5 years. Seriously, my only option to contact you is through twitter what kind of bull shit customer service is this. At least provide a gd email...",ACCOUNT_ACCESS_AUTH,True,False,False,False,unknown,LOW,REDIRECT_DM,ESCALATED,False,AUTO-HANDLE,Easy,Stratified held-out test case for ACCOUNT_ACCESS_AUTH. Ground truth verified from dialogue trajectory.
GOLD_0099,1666501,"@SpotifyCares - my son set up an account and now we want to cancel it, but he can't remember what device it is on (thinks it is an old phone) and we can't figure out his login info.  Please dm me.",ACCOUNT_ACCESS_AUTH,True,False,False,False,unknown,LOW,REQUEST_INFO_AND_REDIRECT_DM,ESCALATED,False,AUTO-HANDLE,Easy,Stratified held-out test case for ACCOUNT_ACCESS_AUTH. Ground truth verified from dialogue trajectory.
GOLD_0100,1630488,"@SpotifyCares Hello! I've been hacked (someone accessed to my account and changed email and password), I still can access trough Facebook but I need support I'm not receiving. :-(",ACCOUNT_ACCESS_AUTH,True,False,True,False,unknown,HIGH,PROVIDE_INSTRUCTIONS,LIKELY_RESOLVED,True,ESCALATE,Hard,Stratified held-out test case for ACCOUNT_ACCESS_AUTH. Ground truth verified from dialogue trajectory.
GOLD_0101,1630496,"@SpotifyCares Hi there, I cannot sign up for a new account on a Mac or iPhone. How do I do now?",ACCOUNT_ACCESS_AUTH,True,False,False,False,iPhone,LOW,REDIRECT_DM,ESCALATED,False,AUTO-HANDLE,Easy,Stratified held-out test case for ACCOUNT_ACCESS_AUTH. Ground truth verified from dialogue trajectory.
GOLD_0102,1630498,@SpotifyCares please help me with my account!!!,ACCOUNT_ACCESS_AUTH,True,False,False,False,unknown,LOW,REDIRECT_DM,ESCALATED,False,AUTO-HANDLE,Easy,Stratified held-out test case for ACCOUNT_ACCESS_AUTH. Ground truth verified from dialogue trajectory.
GOLD_0103,1698034,"@SpotifyCares I just received emails saying my email address was changed, my plan was changed to Family and my zip code was changed. I did not authorize any of this and it appears this is happening to others on twitter as well. Please let me know what happened ASAP.",ACCOUNT_ACCESS_AUTH,True,False,False,False,unknown,LOW,PROVIDE_INSTRUCTIONS,UNRESOLVED_OPEN,False,AUTO-HANDLE,Easy,Stratified held-out test case for ACCOUNT_ACCESS_AUTH. Ground truth verified from dialogue trajectory.
GOLD_0104,2368001,@115888 Hmm. So I can't unlink my Spotify from a Facebook login. It's sad Because I have some pretty good music I wanna share... I didn't have this problem with Groove Music...,ACCOUNT_ACCESS_AUTH,True,False,False,False,unknown,LOW,REQUEST_INFO_AND_REDIRECT_DM,ESCALATED,False,AUTO-HANDLE,Easy,Stratified held-out test case for ACCOUNT_ACCESS_AUTH. Ground truth verified from dialogue trajectory.
GOLD_0105,1790147,@115888 paano po mag change address sa Spotify account?,ACCOUNT_ACCESS_AUTH,True,False,False,False,unknown,LOW,REQUEST_INFO_AND_REDIRECT_DM,ESCALATED,False,AUTO-HANDLE,Easy,Stratified held-out test case for ACCOUNT_ACCESS_AUTH. Ground truth verified from dialogue trajectory.
GOLD_0106,579495,"@SpotifyCares Hey guys! I have a query relating to a release date bug on the latest macOS client. Everything updated, fresh install. Has been persisting for about a month. Shows the correct year on artist page but then one year off on album page. See pics for details. TIA :) https://t.co/QYPvIJxCqT",APP_CRASH_BUG,True,True,False,False,Mac,LOW,TROUBLESHOOT_REINSTALL,UNRESOLVED_OPEN,False,AUTO-HANDLE,Easy,Stratified held-out test case for APP_CRASH_BUG. Ground truth verified from dialogue trajectory.
GOLD_0107,2848314,@SpotifyCares I read somewhere you brought in a 'Discover Weekly' vote option to vote for tracks as yay or nay. Don't see it though. Slow roll-out or rumour?,APP_CRASH_BUG,True,False,False,False,unknown,LOW,PROVIDE_INSTRUCTIONS,UNRESOLVED_OPEN,False,AUTO-HANDLE,Easy,Stratified held-out test case for APP_CRASH_BUG. Ground truth verified from dialogue trajectory.
GOLD_0108,2850074,"@137949 @SpotifyCares When I shuffle a large (1000+ songs) playlist on my Sonos One it literally only ever plays the first 100 songs. 
All other clients ok.

This list: https://t.co/IZUQWPSDNl
Never plays anything past Frightened Rabbit. 

What's that about? 
Known bug?",APP_CRASH_BUG,True,False,False,False,Audio/Accessory,LOW,PROVIDE_GENERAL_ASSISTANCE,UNRESOLVED_OPEN,False,AUTO-HANDLE,Easy,Stratified held-out test case for APP_CRASH_BUG. Ground truth verified from dialogue trajectory.
GOLD_0109,2855915,About to get rid of @115888 . Sick of my music muting/freezing all the time😤😤😤😤😤😤,APP_CRASH_BUG,True,False,False,False,unknown,LOW,REQUEST_INFORMATION,ESCALATED,False,AUTO-HANDLE,Easy,Stratified held-out test case for APP_CRASH_BUG. Ground truth verified from dialogue trajectory.
GOLD_0110,2859029,@115888 So sick of big tech companies like @115888 eliminating customer service completely so there is no way to contact them about a billing glitch and they kick you off their service.,APP_CRASH_BUG,True,False,False,True,unknown,MEDIUM,REQUEST_INFO_AND_REDIRECT_DM,ESCALATED,False,AUTO-HANDLE,Easy,Stratified held-out test case for APP_CRASH_BUG. Ground truth verified from dialogue trajectory.
GOLD_0111,2880943,@SpotifyCares hi! Where abouts in your backlog is the Mazda/ Spotify Bluetooth integration bug? https://t.co/RDHFmWOz3S,APP_CRASH_BUG,True,False,False,False,Audio/Accessory,LOW,REQUEST_INFORMATION,ESCALATED,False,AUTO-HANDLE,Easy,Stratified held-out test case for APP_CRASH_BUG. Ground truth verified from dialogue trajectory.
GOLD_0112,2891290,@117168 so all of my created playlist are defaulting to Christmas music after the first song..is this a bug? Please fix,APP_CRASH_BUG,True,False,False,False,unknown,LOW,REQUEST_INFORMATION,RESOLVED,False,AUTO-HANDLE,Easy,Stratified held-out test case for APP_CRASH_BUG. Ground truth verified from dialogue trajectory.
GOLD_0113,2898341,"The only program which ever causes a total freeze on my Windows 10 machine is @115888, and it does so regularly.",APP_CRASH_BUG,True,False,False,False,Windows/PC,LOW,REQUEST_INFO_AND_REDIRECT_DM,UNRESOLVED_OPEN,False,AUTO-HANDLE,Easy,Stratified held-out test case for APP_CRASH_BUG. Ground truth verified from dialogue trajectory.
GOLD_0114,2912465,Come on @115888 get it together... crashing during my workout isn’t worth $9.99 a month.... don’t make me go to @115948,APP_CRASH_BUG,True,False,False,False,unknown,LOW,PROVIDE_GENERAL_ASSISTANCE,UNRESOLVED_OPEN,False,AUTO-HANDLE,Easy,Stratified held-out test case for APP_CRASH_BUG. Ground truth verified from dialogue trajectory.
GOLD_0115,2913835,@115888 you wanna explain why I’m paying $9.99 a month for this? Also your desktop app crashes @116230 frequently https://t.co/4saQKEtMB1,APP_CRASH_BUG,True,False,False,False,Windows/PC,LOW,ESCALATE_INTERNAL,ESCALATED,True,ESCALATE,Medium,Stratified held-out test case for APP_CRASH_BUG. Ground truth verified from dialogue trajectory.
GOLD_0116,2916612,@SpotifyCares your app doesn’t work. It shows a black screen and says an error has occurred check your internet connection. My internet is working flawlessly. I’m using an iPhone 7 Plus and I’m on the most current version of iOS and the app is up to date.,APP_CRASH_BUG,True,False,False,False,iPhone,LOW,REQUEST_INFORMATION,LIKELY_RESOLVED,False,AUTO-HANDLE,Easy,Stratified held-out test case for APP_CRASH_BUG. Ground truth verified from dialogue trajectory.
GOLD_0117,2917804,@115888 why does Spotify web player always freeze?? lmk?? jw??,APP_CRASH_BUG,True,False,True,False,unknown,LOW,PROVIDE_GENERAL_ASSISTANCE,UNRESOLVED_OPEN,False,AUTO-HANDLE,Easy,Stratified held-out test case for APP_CRASH_BUG. Ground truth verified from dialogue trajectory.
GOLD_0118,2919366,Why is my @115888 super slow or not loading at all?!,APP_CRASH_BUG,True,False,False,False,unknown,LOW,PROVIDE_GENERAL_ASSISTANCE,UNRESOLVED_OPEN,False,AUTO-HANDLE,Easy,Stratified held-out test case for APP_CRASH_BUG. Ground truth verified from dialogue trajectory.
GOLD_0119,2917883,@115888 either this or a blank screen will pop up when I try to search an artist https://t.co/O053lk4R8v,APP_CRASH_BUG,True,False,False,False,unknown,LOW,PROVIDE_GENERAL_ASSISTANCE,UNRESOLVED_OPEN,False,AUTO-HANDLE,Easy,Stratified held-out test case for APP_CRASH_BUG. Ground truth verified from dialogue trajectory.
GOLD_0120,2934753,"@SpotifyCares have an issue on iPhone App. IOS 10.3.3. Uninstalled and reinstalled, rebooted phone. Black screen with three dots followed by this. https://t.co/P9BhOpUKOE",APP_CRASH_BUG,True,True,False,False,iPhone,LOW,PROVIDE_GENERAL_ASSISTANCE,UNRESOLVED_OPEN,False,AUTO-HANDLE,Easy,Stratified held-out test case for APP_CRASH_BUG. Ground truth verified from dialogue trajectory.
GOLD_0121,1698007,@SpotifyCares I recently changed my account to a Student Discount rate but I have been charged $9.99 this month.  Can you verify that the Student Discount has been processed please?,STUDENT_DISCOUNT_HULU,True,False,False,True,unknown,MEDIUM,REQUEST_INFO_AND_REDIRECT_DM,ESCALATED,False,AUTO-HANDLE,Easy,Stratified held-out test case for STUDENT_DISCOUNT_HULU. Ground truth verified from dialogue trajectory.
GOLD_0122,1842975,Hey @115888 @117168 how do I change my account from a regular account to a student account? I’ve been a student for about 4 months and I haven’t had any help with this.,STUDENT_DISCOUNT_HULU,True,False,False,False,unknown,MEDIUM,REQUEST_INFO_AND_REDIRECT_DM,ESCALATED,False,AUTO-HANDLE,Easy,Stratified held-out test case for STUDENT_DISCOUNT_HULU. Ground truth verified from dialogue trajectory.
GOLD_0123,1384573,"@SpotifyCares Hello, I'm trying to link my Spotify to Hulu accounts, but Hulu says its having trouble authenticating the account, and to talk to Spotify support",STUDENT_DISCOUNT_HULU,True,False,False,False,unknown,MEDIUM,REQUEST_INFO_AND_REDIRECT_DM,ESCALATED,False,AUTO-HANDLE,Easy,Stratified held-out test case for STUDENT_DISCOUNT_HULU. Ground truth verified from dialogue trajectory.
GOLD_0124,2133712,@SpotifyCares I need help logging into my Hulu account with my Student Spotify Premium! Can you please verify my info so I can access my Hulu?,STUDENT_DISCOUNT_HULU,True,False,False,False,unknown,MEDIUM,REQUEST_INFO_AND_REDIRECT_DM,ESCALATED,False,AUTO-HANDLE,Easy,Stratified held-out test case for STUDENT_DISCOUNT_HULU. Ground truth verified from dialogue trajectory.
GOLD_0125,1666499,@SpotifyCares i have the student spotify x hulu package and i am currently paying $4.99 for hulu x spotify AND $7.99 for hulu because it will not let me change/sync up the plans and i’m annoyed please help,STUDENT_DISCOUNT_HULU,True,False,False,False,unknown,MEDIUM,REQUEST_INFO_AND_REDIRECT_DM,ESCALATED,False,AUTO-HANDLE,Easy,Stratified held-out test case for STUDENT_DISCOUNT_HULU. Ground truth verified from dialogue trajectory.
GOLD_0126,1697984,@SpotifyCares trying to update my payment info &amp; when I attempt to update sends me to /#student-pci-credit-card can you help! Graduated in '10!,STUDENT_DISCOUNT_HULU,True,False,False,True,unknown,MEDIUM,REQUEST_INFO_AND_REDIRECT_DM,ESCALATED,False,AUTO-HANDLE,Easy,Stratified held-out test case for STUDENT_DISCOUNT_HULU. Ground truth verified from dialogue trajectory.
GOLD_0127,1666483,@SpotifyCares you charged me 9.99 for spotify when i am supposed to have the 4.99 student + hulu account wtf ? ? ?,STUDENT_DISCOUNT_HULU,True,False,False,True,unknown,MEDIUM,REQUEST_INFO_AND_REDIRECT_DM,ESCALATED,False,AUTO-HANDLE,Easy,Stratified held-out test case for STUDENT_DISCOUNT_HULU. Ground truth verified from dialogue trajectory.
GOLD_0128,1698056,"@SpotifyCares I want to renew my student discount subscription, but when I put my credentials in the website cannot confirm that I am a student. Help please, I miss the low price and my Seinfeld",STUDENT_DISCOUNT_HULU,True,False,False,True,unknown,MEDIUM,REQUEST_INFO_AND_REDIRECT_DM,ESCALATED,False,AUTO-HANDLE,Easy,Stratified held-out test case for STUDENT_DISCOUNT_HULU. Ground truth verified from dialogue trajectory.
GOLD_0129,469555,How does Spotify tell you that you can get Hulu for free under Spotify premium only to sneak up and charge me an extra $4.99 plus tax like dude I'm a broke college student why do you gotta do me dirty like that Spotify? 🙃,STUDENT_DISCOUNT_HULU,True,False,False,True,unknown,MEDIUM,REQUEST_INFO_AND_REDIRECT_DM,ESCALATED,False,AUTO-HANDLE,Easy,Stratified held-out test case for STUDENT_DISCOUNT_HULU. Ground truth verified from dialogue trajectory.
GOLD_0130,1843945,@SpotifyCares I'm attempting to receive the student discount.  I attend Colorado Christian University so the option is offered yet is says it cannot confirm that I am a student.  I even use my school email for my spotify account.,STUDENT_DISCOUNT_HULU,True,False,False,False,unknown,MEDIUM,REQUEST_INFO_AND_REDIRECT_DM,ESCALATED,False,AUTO-HANDLE,Easy,Stratified held-out test case for STUDENT_DISCOUNT_HULU. Ground truth verified from dialogue trajectory.
GOLD_0131,2720911,@116130 hi I've been a student member for years. Checked my bank account just now you charged me normal premium membership!! Can you explain???,STUDENT_DISCOUNT_HULU,True,False,False,True,unknown,MEDIUM,REDIRECT_DM,ESCALATED,False,AUTO-HANDLE,Easy,Stratified held-out test case for STUDENT_DISCOUNT_HULU. Ground truth verified from dialogue trajectory.
GOLD_0132,2282060,@SpotifyCares hi I have premium account but wanna activate my student discount? Do I have to cancel my current plan and reactivate it as a student one??,STUDENT_DISCOUNT_HULU,True,False,False,False,unknown,MEDIUM,REQUEST_INFO_AND_REDIRECT_DM,ESCALATED,False,AUTO-HANDLE,Easy,Stratified held-out test case for STUDENT_DISCOUNT_HULU. Ground truth verified from dialogue trajectory.
GOLD_0133,2282045,@SpotifyCares hello I just signed up for you student account and my card was double charged the $4.99. What can be done.,STUDENT_DISCOUNT_HULU,True,False,False,True,unknown,HIGH,REDIRECT_DM,ESCALATED,True,ESCALATE,Hard,Stratified held-out test case for STUDENT_DISCOUNT_HULU. Ground truth verified from dialogue trajectory.
GOLD_0134,2344410,I’ve been charged full price instead of my student discounted price pls help @SpotifyCares,STUDENT_DISCOUNT_HULU,True,False,False,True,unknown,MEDIUM,REQUEST_INFO_AND_REDIRECT_DM,ESCALATED,False,AUTO-HANDLE,Easy,Stratified held-out test case for STUDENT_DISCOUNT_HULU. Ground truth verified from dialogue trajectory.
GOLD_0135,2428563,"@SpotifyCares Hello, I ran out of the student discount, and it says I can reapply, but will not let me. Please help.",STUDENT_DISCOUNT_HULU,True,False,False,False,unknown,MEDIUM,REQUEST_INFO_AND_REDIRECT_DM,ESCALATED,False,AUTO-HANDLE,Easy,Stratified held-out test case for STUDENT_DISCOUNT_HULU. Ground truth verified from dialogue trajectory.
GOLD_0136,1157903,@SpotifyCares any suggestions? This happens each time I try to accept my family account invitation... https://t.co/jselUyN7cz,FAMILY_PLAN_SETUP,True,False,False,False,unknown,MEDIUM,REQUEST_INFO_AND_REDIRECT_DM,ESCALATED,False,AUTO-HANDLE,Easy,Stratified held-out test case for FAMILY_PLAN_SETUP. Ground truth verified from dialogue trajectory.
GOLD_0137,1698047,"@115888 Hello, I'm from Chile and I have been paying a family plan for 5 months. However, I am not able to use it, because I can not add more users to the family plan.
What can I do to solve this? I really want the service that you are offering.",FAMILY_PLAN_SETUP,True,False,False,False,unknown,MEDIUM,REQUEST_INFO_AND_REDIRECT_DM,ESCALATED,False,AUTO-HANDLE,Easy,Stratified held-out test case for FAMILY_PLAN_SETUP. Ground truth verified from dialogue trajectory.
GOLD_0138,1698058,"@SpotifyCares i can't seem to add others to my premium for family account, each time I try it just appears with a blank screen? Have tried on various devices!?",FAMILY_PLAN_SETUP,True,True,False,False,unknown,MEDIUM,REQUEST_INFO_AND_REDIRECT_DM,ESCALATED,False,AUTO-HANDLE,Easy,Stratified held-out test case for FAMILY_PLAN_SETUP. Ground truth verified from dialogue trajectory.
GOLD_0139,1384544,"@117153 I have Spotify premium I´m trying to add my wife who is next to me right now, Spotify system asks to my wife user if we are currently in the same physical address, yes! we are!  it asks for the address, we typed it and it doesn´t let her activate, what´s going on?",FAMILY_PLAN_SETUP,True,False,False,False,unknown,MEDIUM,REQUEST_INFO_AND_REDIRECT_DM,RESOLVED,False,AUTO-HANDLE,Easy,Stratified held-out test case for FAMILY_PLAN_SETUP. Ground truth verified from dialogue trajectory.
GOLD_0140,2022696,"@115888 I need help with my family account... I don't remember the address that I put and my family want to join 

Can someone help me? 
Thanks",FAMILY_PLAN_SETUP,True,False,False,False,unknown,MEDIUM,REQUEST_INFO_AND_REDIRECT_DM,ESCALATED,False,AUTO-HANDLE,Easy,Stratified held-out test case for FAMILY_PLAN_SETUP. Ground truth verified from dialogue trajectory.
GOLD_0141,1736595,"@SpotifyCares Just signed up for Premium Family and was successfully charged, but and all of my family members are getting errors signing in.",FAMILY_PLAN_SETUP,True,False,False,True,unknown,MEDIUM,REQUEST_INFO_AND_REDIRECT_DM,ESCALATED,False,AUTO-HANDLE,Easy,Stratified held-out test case for FAMILY_PLAN_SETUP. Ground truth verified from dialogue trajectory.
GOLD_0142,1698019,"@SpotifyCares hi, my flatmates have suddenly been kicked out our Family account and I can't confirm their addresses :( what can we do? Thanks x",FAMILY_PLAN_SETUP,True,False,False,False,unknown,MEDIUM,REQUEST_INFO_AND_REDIRECT_DM,ESCALATED,False,AUTO-HANDLE,Easy,Stratified held-out test case for FAMILY_PLAN_SETUP. Ground truth verified from dialogue trajectory.
GOLD_0143,2133714,"@SpotifyCares I made a spotify family plan, and I've managed to successfully add 3 family members. but 2 of them aren't receiving the email invites at all. I've sent it 3x already.",FAMILY_PLAN_SETUP,True,False,False,False,unknown,MEDIUM,REQUEST_INFO_AND_REDIRECT_DM,ESCALATED,False,AUTO-HANDLE,Easy,Stratified held-out test case for FAMILY_PLAN_SETUP. Ground truth verified from dialogue trajectory.
GOLD_0144,1822607,"@SpotifyCares have been using the free version for a while with no problems, soon as I pay for family premium Spotify stops every couple of songs. What's going on?",FAMILY_PLAN_SETUP,True,False,False,False,unknown,MEDIUM,REQUEST_INFORMATION,ESCALATED,False,AUTO-HANDLE,Easy,Stratified held-out test case for FAMILY_PLAN_SETUP. Ground truth verified from dialogue trajectory.
GOLD_0145,2632597,"@117153 I try add my fathers account to our spotify family account. He received the mail but get the message: ""3 - Hoppla! Da ist wohl etwas schiefgegangen. Versuch es noch mal."" after entering the adress informations.",FAMILY_PLAN_SETUP,True,False,False,False,unknown,MEDIUM,REQUEST_INFO_AND_REDIRECT_DM,ESCALATED,False,AUTO-HANDLE,Easy,Stratified held-out test case for FAMILY_PLAN_SETUP. Ground truth verified from dialogue trajectory.
GOLD_0146,2632590,"@SpotifyCares morning, I've got a sole account but is it possible to turn it into a family account as I want to add @81920 ?  Thanks in advance",FAMILY_PLAN_SETUP,True,False,False,False,unknown,MEDIUM,REQUEST_INFO_AND_REDIRECT_DM,ESCALATED,False,AUTO-HANDLE,Easy,Stratified held-out test case for FAMILY_PLAN_SETUP. Ground truth verified from dialogue trajectory.
GOLD_0147,2066471,@SpotifyCares Can you still add extra members to the family account above 5 members at £5 a member?,FAMILY_PLAN_SETUP,True,False,True,False,unknown,MEDIUM,REQUEST_INFORMATION,UNRESOLVED_OPEN,False,AUTO-HANDLE,Easy,Stratified held-out test case for FAMILY_PLAN_SETUP. Ground truth verified from dialogue trajectory.
GOLD_0148,2736072,@SpotifyCares someone has changed the email address/password for my premium account and is listening to it. I can only access my account through Facebook but I can see them listening on another device.,FAMILY_PLAN_SETUP,True,False,False,False,unknown,MEDIUM,PROVIDE_INSTRUCTIONS,UNRESOLVED_OPEN,False,AUTO-HANDLE,Easy,Stratified held-out test case for FAMILY_PLAN_SETUP. Ground truth verified from dialogue trajectory.
GOLD_0149,2736074,@SpotifyCares i am part of a family sub and am also being charged an additional 9.99 on my credit card name is __email__,FAMILY_PLAN_SETUP,True,False,False,True,unknown,MEDIUM,REQUEST_INFO_AND_REDIRECT_DM,ESCALATED,False,AUTO-HANDLE,Easy,Stratified held-out test case for FAMILY_PLAN_SETUP. Ground truth verified from dialogue trajectory.
GOLD_0150,2201045,@SpotifyCares need help with family account. family member's invited not getting premium,FAMILY_PLAN_SETUP,True,False,False,False,unknown,MEDIUM,REDIRECT_DM,ESCALATED,False,AUTO-HANDLE,Easy,Stratified held-out test case for FAMILY_PLAN_SETUP. Ground truth verified from dialogue trajectory.
GOLD_0151,1736624,"@115888 Can downloads to your phone expire? Some songs stop working after a while and are whited out on dwnld mode. Also why r some songs green and others grey, but both seem to be downloaded?",OFFLINE_SYNC_DOWNLOADS,True,False,False,False,unknown,LOW,REQUEST_INFORMATION,LIKELY_RESOLVED,False,AUTO-HANDLE,Easy,Stratified held-out test case for OFFLINE_SYNC_DOWNLOADS. Ground truth verified from dialogue trajectory.
GOLD_0152,2038956,@SpotifyCares When using connect with TV it always gets out of sync. It’s actually playing song 2 on playlist but tv and computer both show playing song 3 https://t.co/awwoKWGgrS,OFFLINE_SYNC_DOWNLOADS,True,False,True,False,unknown,LOW,REQUEST_INFORMATION,LIKELY_RESOLVED,False,AUTO-HANDLE,Easy,Stratified held-out test case for OFFLINE_SYNC_DOWNLOADS. Ground truth verified from dialogue trajectory.
GOLD_0153,1736616,@115888 my songs stop downloading for some reason. It just got stuck at a song and doesn't download at all even when i restarted the app AND my phone,OFFLINE_SYNC_DOWNLOADS,True,True,False,False,unknown,LOW,REQUEST_INFORMATION,UNRESOLVED_OPEN,False,AUTO-HANDLE,Easy,Stratified held-out test case for OFFLINE_SYNC_DOWNLOADS. Ground truth verified from dialogue trajectory.
GOLD_0154,44240,for some reason i can’t get my local files on spotify to become available on my phone again like i don’t know what happened 😡,OFFLINE_SYNC_DOWNLOADS,True,False,True,False,unknown,LOW,REQUEST_INFORMATION,UNRESOLVED_OPEN,False,AUTO-HANDLE,Easy,Stratified held-out test case for OFFLINE_SYNC_DOWNLOADS. Ground truth verified from dialogue trajectory.
GOLD_0155,2108116,I can't download stations on @115888???? @SpotifyCares,OFFLINE_SYNC_DOWNLOADS,True,False,False,False,unknown,LOW,REQUEST_INFO_AND_REDIRECT_DM,ESCALATED,False,AUTO-HANDLE,Easy,Stratified held-out test case for OFFLINE_SYNC_DOWNLOADS. Ground truth verified from dialogue trajectory.
GOLD_0156,2577779,"Hi @115888, please bring back lyrics on the desktop app and allow us to download and use them offline in all platforms. Thanks and much love! #spotify",OFFLINE_SYNC_DOWNLOADS,True,False,False,False,Windows/PC,LOW,PROVIDE_INSTRUCTIONS,UNRESOLVED_OPEN,False,AUTO-HANDLE,Easy,Stratified held-out test case for OFFLINE_SYNC_DOWNLOADS. Ground truth verified from dialogue trajectory.
GOLD_0157,2344401,@SpotifyCares why is this even a thing? Translated to english it means i got a download limit... Why? https://t.co/35ABzgy9ko,OFFLINE_SYNC_DOWNLOADS,True,False,False,False,unknown,LOW,ESCALATE_INTERNAL,UNRESOLVED_OPEN,True,ESCALATE,Medium,Stratified held-out test case for OFFLINE_SYNC_DOWNLOADS. Ground truth verified from dialogue trajectory.
GOLD_0158,2394382,@SpotifyCares Since when do you also play local files out of a sudden. I LOVE IT. Missed this one for so long https://t.co/2mcCwptglg,OFFLINE_SYNC_DOWNLOADS,True,False,False,False,unknown,LOW,CONFIRM_RESOLUTION,RESOLVED,False,AUTO-HANDLE,Easy,Stratified held-out test case for OFFLINE_SYNC_DOWNLOADS. Ground truth verified from dialogue trajectory.
GOLD_0159,2577807,@SpotifyCares why are most of my songs not downloaded when they’ve all been downloaded for a long time ??? https://t.co/ib43bR2A5U,OFFLINE_SYNC_DOWNLOADS,True,False,False,False,unknown,LOW,PROVIDE_INSTRUCTIONS,LIKELY_RESOLVED,False,AUTO-HANDLE,Easy,Stratified held-out test case for OFFLINE_SYNC_DOWNLOADS. Ground truth verified from dialogue trajectory.
GOLD_0160,2785004,Opened up @115888 before getting on a plane and it said all the songs I downloaded are gone? What gives?,OFFLINE_SYNC_DOWNLOADS,True,False,False,False,unknown,LOW,PROVIDE_INSTRUCTIONS,UNRESOLVED_OPEN,False,AUTO-HANDLE,Easy,Stratified held-out test case for OFFLINE_SYNC_DOWNLOADS. Ground truth verified from dialogue trajectory.
GOLD_0161,2825206,someone helo me how do i put local files on spotify on chromebook this fucking shit wont work there isnt even a settings function,OFFLINE_SYNC_DOWNLOADS,True,False,False,False,unknown,LOW,PROVIDE_INSTRUCTIONS,UNRESOLVED_OPEN,False,AUTO-HANDLE,Easy,Stratified held-out test case for OFFLINE_SYNC_DOWNLOADS. Ground truth verified from dialogue trajectory.
GOLD_0162,2825217,"@SpotifyCares Hi, wondering if you can tell me why all my downloaded albums and playlists stop being available offline when I haven't listened for awhile? Thanks.",OFFLINE_SYNC_DOWNLOADS,True,False,False,False,unknown,LOW,PROVIDE_INSTRUCTIONS,UNRESOLVED_OPEN,False,AUTO-HANDLE,Easy,Stratified held-out test case for OFFLINE_SYNC_DOWNLOADS. Ground truth verified from dialogue trajectory.
GOLD_0163,2835037,"@SpotifyCares Hi, I'm having an issue with local files. I imported several mp3 files to a playlist on the Spotify library on my MacBook, and they showed up fine on my phone so I was happy. Then I signed into my OTHER computer and they weren't there. How do I fix this?",OFFLINE_SYNC_DOWNLOADS,True,False,False,False,Mac,LOW,PROVIDE_INSTRUCTIONS,UNRESOLVED_OPEN,False,AUTO-HANDLE,Easy,Stratified held-out test case for OFFLINE_SYNC_DOWNLOADS. Ground truth verified from dialogue trajectory.
GOLD_0164,2842917,@SpotifyCares Dumbest idea ever: Make the mobile app only able to sync local files via wireless. Looks like Spotify doesn't care that much...,OFFLINE_SYNC_DOWNLOADS,True,False,False,False,unknown,LOW,ESCALATE_INTERNAL,UNRESOLVED_OPEN,True,ESCALATE,Medium,Stratified held-out test case for OFFLINE_SYNC_DOWNLOADS. Ground truth verified from dialogue trajectory.
GOLD_0165,2822003,"@SpotifyCares Not all the songs in my playlists are downloading for offline use on my mac. Reinstalled, no change. Any ideas?",OFFLINE_SYNC_DOWNLOADS,True,True,False,False,Mac,LOW,REQUEST_INFORMATION,ESCALATED,False,AUTO-HANDLE,Easy,Stratified held-out test case for OFFLINE_SYNC_DOWNLOADS. Ground truth verified from dialogue trajectory.
GOLD_0166,2038963,Why does the @115888 app suck so back on @127972? Should just go back to using my Chromecast,DEVICE_INTEGRATION_CONNECT,True,False,False,False,Smart TV/Console,LOW,REQUEST_INFORMATION,UNRESOLVED_OPEN,False,AUTO-HANDLE,Easy,Stratified held-out test case for DEVICE_INTEGRATION_CONNECT. Ground truth verified from dialogue trajectory.
GOLD_0167,2699553,@115888 any ideas on a timeline for multiroom on Alexa?,DEVICE_INTEGRATION_CONNECT,True,False,False,False,Audio/Accessory,LOW,PROVIDE_INSTRUCTIONS,UNRESOLVED_OPEN,False,AUTO-HANDLE,Easy,Stratified held-out test case for DEVICE_INTEGRATION_CONNECT. Ground truth verified from dialogue trajectory.
GOLD_0168,2344404,@3072 how about some info on when Spotify will become compatible with Alexa’s multi-room capabilities?,DEVICE_INTEGRATION_CONNECT,True,False,False,False,Audio/Accessory,LOW,ESCALATE_INTERNAL,ESCALATED,True,ESCALATE,Medium,Stratified held-out test case for DEVICE_INTEGRATION_CONNECT. Ground truth verified from dialogue trajectory.
GOLD_0169,2820834,@SpotifyCares any plans for a Toyota Entune app? Every time I plug in my phone to the USB port on my car the song info disappears,DEVICE_INTEGRATION_CONNECT,True,False,True,False,unknown,LOW,PROVIDE_INSTRUCTIONS,UNRESOLVED_OPEN,False,AUTO-HANDLE,Easy,Stratified held-out test case for DEVICE_INTEGRATION_CONNECT. Ground truth verified from dialogue trajectory.
GOLD_0170,2824396,I was just in 20 minute fight with #timothysipad who hijacked my @115888. Bruh started playing Christmas music in my car... https://t.co/lUjrDNxVxC,DEVICE_INTEGRATION_CONNECT,True,False,False,False,unknown,LOW,REQUEST_INFO_AND_REDIRECT_DM,ESCALATED,False,AUTO-HANDLE,Easy,Stratified held-out test case for DEVICE_INTEGRATION_CONNECT. Ground truth verified from dialogue trajectory.
GOLD_0171,2826954,"@spotifycares this Spotify Connect function is great until it keeps automatically connecting to my neighbour's phone... I don't see a way to forget a device, and I'm sure he doesn't want to be interrupted by whatever I'm listening to... how do I fix this?",DEVICE_INTEGRATION_CONNECT,True,False,True,False,unknown,MEDIUM,REQUEST_INFO_AND_REDIRECT_DM,ESCALATED,False,AUTO-HANDLE,Easy,Stratified held-out test case for DEVICE_INTEGRATION_CONNECT. Ground truth verified from dialogue trajectory.
GOLD_0172,2830228,"Hey @SpotifyCares, has anybody reported how frustrating the app is to use on CarPlay? Constantly freezes when first plugging in and required a disconnect and force close of the app then connecting the phone again.",DEVICE_INTEGRATION_CONNECT,True,False,True,False,Audio/Accessory,LOW,REQUEST_INFORMATION,ESCALATED,False,AUTO-HANDLE,Easy,Stratified held-out test case for DEVICE_INTEGRATION_CONNECT. Ground truth verified from dialogue trajectory.
GOLD_0173,2835016,@SpotifyCares i am confused. Does Spotify still do spotify connect to the selected Denon devices?,DEVICE_INTEGRATION_CONNECT,True,False,True,False,unknown,LOW,PROVIDE_INSTRUCTIONS,UNRESOLVED_OPEN,False,AUTO-HANDLE,Easy,Stratified held-out test case for DEVICE_INTEGRATION_CONNECT. Ground truth verified from dialogue trajectory.
GOLD_0174,2861311,@115888 for iPhone X needs an update. Car Bluetooth isn’t always sending song data and controls don’t work.,DEVICE_INTEGRATION_CONNECT,True,False,True,False,iPhone,LOW,REQUEST_INFORMATION,UNRESOLVED_OPEN,False,AUTO-HANDLE,Easy,Stratified held-out test case for DEVICE_INTEGRATION_CONNECT. Ground truth verified from dialogue trajectory.
GOLD_0175,2854458,@SpotifyCares I have been experiencing a lot of connectivity issues with Chromecast lately. Did a recent update botch something?,DEVICE_INTEGRATION_CONNECT,True,False,False,False,Smart TV/Console,LOW,REQUEST_INFORMATION,LIKELY_RESOLVED,False,AUTO-HANDLE,Easy,Stratified held-out test case for DEVICE_INTEGRATION_CONNECT. Ground truth verified from dialogue trajectory.
GOLD_0176,2862766,spotify on xbox is literally the shittiest app ive ever used. fix your fucking shit. @115888,DEVICE_INTEGRATION_CONNECT,True,False,False,False,Smart TV/Console,LOW,REQUEST_INFORMATION,UNRESOLVED_OPEN,False,AUTO-HANDLE,Easy,Stratified held-out test case for DEVICE_INTEGRATION_CONNECT. Ground truth verified from dialogue trajectory.
GOLD_0177,2874419,@SpotifyCares still nothing on the multi-room music support for Echo devices? It was announced in late August as coming soon... is the delay due to @115888 or @115821?,DEVICE_INTEGRATION_CONNECT,True,False,True,False,Audio/Accessory,LOW,PROVIDE_GENERAL_ASSISTANCE,LIKELY_RESOLVED,False,AUTO-HANDLE,Easy,Stratified held-out test case for DEVICE_INTEGRATION_CONNECT. Ground truth verified from dialogue trajectory.
GOLD_0178,2896745,@115888 updated app recently on android and when using bluetooth it disconnects after a couple of songs. Thought it was my BT speaker but happens in my car too. Any ideas?,DEVICE_INTEGRATION_CONNECT,True,True,False,False,Android,LOW,REQUEST_INFO_AND_REDIRECT_DM,UNRESOLVED_OPEN,False,AUTO-HANDLE,Easy,Stratified held-out test case for DEVICE_INTEGRATION_CONNECT. Ground truth verified from dialogue trajectory.
GOLD_0179,2899839,@SpotifyCares a while ago you guys made repeat 1 disable after switching songs. While I understand this may be good for some people it’s terribly impractical for people who switch songs through bluetooth and want to keep repeat 1 on. Any chance you guys could make it toggleable?,DEVICE_INTEGRATION_CONNECT,True,False,False,False,Audio/Accessory,LOW,PROVIDE_INSTRUCTIONS,UNRESOLVED_OPEN,False,AUTO-HANDLE,Easy,Stratified held-out test case for DEVICE_INTEGRATION_CONNECT. Ground truth verified from dialogue trajectory.
GOLD_0180,2905919,@115888 ur app on Xbox is tripping after that update #XboxOne,DEVICE_INTEGRATION_CONNECT,True,False,False,False,Smart TV/Console,LOW,REQUEST_INFORMATION,UNRESOLVED_OPEN,False,AUTO-HANDLE,Easy,Stratified held-out test case for DEVICE_INTEGRATION_CONNECT. Ground truth verified from dialogue trajectory.
GOLD_0181,1630478,@115888 can you turn off explicit music?,GENERAL_INQUIRY_FEEDBACK,True,False,False,False,unknown,LOW,PROVIDE_INSTRUCTIONS,UNRESOLVED_OPEN,False,AUTO-HANDLE,Easy,Stratified held-out test case for GENERAL_INQUIRY_FEEDBACK. Ground truth verified from dialogue trajectory.
GOLD_0182,2825215,@125633 I requested access multiple times way over a week ago and still haven’t received it,GENERAL_INQUIRY_FEEDBACK,True,False,True,False,unknown,LOW,REQUEST_INFO_AND_REDIRECT_DM,ESCALATED,False,AUTO-HANDLE,Easy,Stratified held-out test case for GENERAL_INQUIRY_FEEDBACK. Ground truth verified from dialogue trajectory.
GOLD_0183,1630472,@115888 ummm so why was “Que Fue” by El Alfa removes from Spotify??????,GENERAL_INQUIRY_FEEDBACK,True,False,False,False,unknown,LOW,REQUEST_INFORMATION,UNRESOLVED_OPEN,False,AUTO-HANDLE,Easy,Stratified held-out test case for GENERAL_INQUIRY_FEEDBACK. Ground truth verified from dialogue trajectory.
GOLD_0184,1157905,@SpotifyCares me and my friend made a song and my name is under the right profile but his isn't can you fix that?,GENERAL_INQUIRY_FEEDBACK,True,False,False,False,unknown,LOW,REDIRECT_DM,ESCALATED,False,AUTO-HANDLE,Easy,Stratified held-out test case for GENERAL_INQUIRY_FEEDBACK. Ground truth verified from dialogue trajectory.
GOLD_0185,1666508,Hey @115888  it's 2017 and your app doesn't apply true blacks on AMOLED displays  🙄,GENERAL_INQUIRY_FEEDBACK,True,False,False,False,unknown,LOW,REQUEST_INFORMATION,UNRESOLVED_OPEN,False,AUTO-HANDLE,Easy,Stratified held-out test case for GENERAL_INQUIRY_FEEDBACK. Ground truth verified from dialogue trajectory.
GOLD_0186,1630325,"I want @115888 to push boundaries and build a watch and wireless headphones. If you build it, they will come! (coming from a lifelong @115858 user)",GENERAL_INQUIRY_FEEDBACK,True,False,False,False,unknown,LOW,REQUEST_INFORMATION,UNRESOLVED_OPEN,False,AUTO-HANDLE,Easy,Stratified held-out test case for GENERAL_INQUIRY_FEEDBACK. Ground truth verified from dialogue trajectory.
GOLD_0187,1347527,Anyone else getting this weird little text bar at the bottom of their Spotify app screen? https://t.co/ATto3ZHlW8,GENERAL_INQUIRY_FEEDBACK,True,False,False,False,unknown,LOW,REQUEST_INFORMATION,UNRESOLVED_OPEN,False,AUTO-HANDLE,Easy,Stratified held-out test case for GENERAL_INQUIRY_FEEDBACK. Ground truth verified from dialogue trajectory.
GOLD_0188,1666495,@SpotifyCares wondering if you can change my billing days to the 15th of each month ?,GENERAL_INQUIRY_FEEDBACK,True,False,False,True,unknown,MEDIUM,REQUEST_INFO_AND_REDIRECT_DM,ESCALATED,False,AUTO-HANDLE,Easy,Stratified held-out test case for GENERAL_INQUIRY_FEEDBACK. Ground truth verified from dialogue trajectory.
GOLD_0189,1698036,@115888 Please tell me how?? https://t.co/WHeCJ6uZhO,GENERAL_INQUIRY_FEEDBACK,True,False,False,False,unknown,LOW,REQUEST_INFO_AND_REDIRECT_DM,ESCALATED,False,AUTO-HANDLE,Easy,Stratified held-out test case for GENERAL_INQUIRY_FEEDBACK. Ground truth verified from dialogue trajectory.
GOLD_0190,1698039,@SpotifyCares hi. Who do I talk to regarding ads?,GENERAL_INQUIRY_FEEDBACK,True,False,False,False,unknown,LOW,REQUEST_INFORMATION,ESCALATED,False,AUTO-HANDLE,Easy,Stratified held-out test case for GENERAL_INQUIRY_FEEDBACK. Ground truth verified from dialogue trajectory.
GOLD_0191,1347521,How long until @115888 releases a wearable to take biometric analytics while you're listening to songs?,GENERAL_INQUIRY_FEEDBACK,True,False,False,False,unknown,LOW,PROVIDE_GENERAL_ASSISTANCE,UNRESOLVED_OPEN,False,AUTO-HANDLE,Easy,Stratified held-out test case for GENERAL_INQUIRY_FEEDBACK. Ground truth verified from dialogue trajectory.
GOLD_0192,1778469,@115888 I need @55648 to be back. Make it happen,GENERAL_INQUIRY_FEEDBACK,True,False,False,False,unknown,LOW,PROVIDE_INSTRUCTIONS,UNRESOLVED_OPEN,False,AUTO-HANDLE,Easy,Stratified held-out test case for GENERAL_INQUIRY_FEEDBACK. Ground truth verified from dialogue trajectory.
GOLD_0193,1272243,Why is there a limit on how many albums I can (online) save in Spotify?  @SpotifyCares https://t.co/MzmSnTkskf,GENERAL_INQUIRY_FEEDBACK,True,False,False,False,unknown,LOW,REQUEST_INFORMATION,ESCALATED,False,AUTO-HANDLE,Easy,Stratified held-out test case for GENERAL_INQUIRY_FEEDBACK. Ground truth verified from dialogue trajectory.
GOLD_0194,1736604,"@SpotifyCares not that you’re necessarily going to do anything with it, but I would think this would be worth someone’s time to work through and resolve a lot of the issues mentioned here: https://t.co/p8RLmCjz2z

Clearly a lot of users with a lot of similar issues/concerns.",GENERAL_INQUIRY_FEEDBACK,True,False,False,False,unknown,LOW,ESCALATE_INTERNAL,ESCALATED,True,ESCALATE,Medium,Stratified held-out test case for GENERAL_INQUIRY_FEEDBACK. Ground truth verified from dialogue trajectory.
GOLD_0195,1790161,@115888 wow https://t.co/ynP8QDSQzR,GENERAL_INQUIRY_FEEDBACK,False,False,False,False,unknown,LOW,REQUEST_INFORMATION,ESCALATED,False,AUTO-HANDLE,Easy,Stratified held-out test case for GENERAL_INQUIRY_FEEDBACK. Ground truth verified from dialogue trajectory.
GOLD_0196,468975,"Dear @115888 please, when you have time, upload @146300 song. Thanks https://t.co/sSBDDjm1xu",ARTIST_CONTENT_INQUIRY,True,False,False,False,unknown,LOW,PROVIDE_INSTRUCTIONS,UNRESOLVED_OPEN,False,AUTO-HANDLE,Easy,Stratified held-out test case for ARTIST_CONTENT_INQUIRY. Ground truth verified from dialogue trajectory.
GOLD_0197,488799,"@SpotifyCares Hi guys, we've lost all of our artists on our Spotify For Artists page.",ARTIST_CONTENT_INQUIRY,True,False,False,False,unknown,LOW,PROVIDE_INSTRUCTIONS,LIKELY_RESOLVED,False,AUTO-HANDLE,Easy,Stratified held-out test case for ARTIST_CONTENT_INQUIRY. Ground truth verified from dialogue trajectory.
GOLD_0198,543148,@125633 ANY SUGGESTIONS WHERE/HOW I CAN MY UPLOAD LYRICS? TY!!,ARTIST_CONTENT_INQUIRY,True,False,False,False,unknown,LOW,PROVIDE_INSTRUCTIONS,UNRESOLVED_OPEN,False,AUTO-HANDLE,Easy,Stratified held-out test case for ARTIST_CONTENT_INQUIRY. Ground truth verified from dialogue trajectory.
GOLD_0199,585121,"@115888 Hi, can you guys please upload هلا بريحة هلي by الأنين thank you",ARTIST_CONTENT_INQUIRY,True,False,False,False,unknown,LOW,PROVIDE_INSTRUCTIONS,UNRESOLVED_OPEN,False,AUTO-HANDLE,Easy,Stratified held-out test case for ARTIST_CONTENT_INQUIRY. Ground truth verified from dialogue trajectory.
GOLD_0200,2815050,@SpotifyCares help,AMBIGUOUS_INQUIRY,False,False,False,False,unknown,LOW,REQUEST_INFO_AND_REDIRECT_DM,ESCALATED,True,UNKNOWN,Hard,Stratified held-out test case for AMBIGUOUS_INQUIRY. Ground truth verified from dialogue trajectory.
GOLD_0201,566346,@117153,AMBIGUOUS_INQUIRY,False,False,False,False,unknown,LOW,REQUEST_INFO_AND_REDIRECT_DM,ESCALATED,True,UNKNOWN,Hard,Stratified held-out test case for AMBIGUOUS_INQUIRY. Ground truth verified from dialogue trajectory.
GOLD_0202,586367,@115888,AMBIGUOUS_INQUIRY,False,False,False,False,unknown,LOW,REDIRECT_DM,ESCALATED,True,UNKNOWN,Hard,Stratified held-out test case for AMBIGUOUS_INQUIRY. Ground truth verified from dialogue trajectory.
GOLD_0203,EDGE_203,How do I connect my smart refrigerator to Spotify in Korean?,GENERAL_INQUIRY_FEEDBACK,True,False,False,False,Smart TV/Console,LOW,PROVIDE_INSTRUCTIONS,UNRESOLVED_OPEN,True,UNKNOWN,Hard,Unseen language + exotic device combination (Playbook expansion required)
GOLD_0204,EDGE_204,I need to send a copyright infringement notice to your legal team under Section 512.,GENERAL_INQUIRY_FEEDBACK,True,False,False,False,unknown,HIGH,ESCALATE_INTERNAL,ESCALATED,True,UNKNOWN,Hard,Legal compliance query without established Twitter playbook pathway
GOLD_0205,EDGE_205,Can I use Spotify on my Commodore 64 cassette drive?,GENERAL_INQUIRY_FEEDBACK,True,False,False,False,unknown,LOW,PROVIDE_INSTRUCTIONS,UNRESOLVED_OPEN,True,UNKNOWN,Medium,Obsolete retro computing hardware inquiry
GOLD_0206,EDGE_206,Spotify took money from my cryptocurrency wallet directly without permission.,SUBSCRIPTION_BILLING_PREMIUM,True,False,False,True,unknown,HIGH,REDIRECT_DM,ESCALATED,True,UNKNOWN,Hard,Crypto billing dispute (unsupported payment method)
GOLD_0207,EDGE_207,Are you planning to launch Spotify in Antarctica for research bases?,GENERAL_INQUIRY_FEEDBACK,True,False,False,False,unknown,LOW,PROVIDE_GENERAL_ASSISTANCE,UNRESOLVED_OPEN,True,UNKNOWN,Medium,Regional launch inquiry for extreme geographic region
